model,parameter,mle,se,lower_95,upper_95,log_likelihood
Inverse power law excluding 361.4 kV/mm,beta0,27.491764296728757,2.9971608470171915,21.6174369807015,33.366091612756016,-271.42470091672175
Inverse power law excluding 361.4 kV/mm,beta1,-4.2891096253132455,0.5991314430402128,-5.463385675677573,-3.1148335749489178,
Inverse power law excluding 361.4 kV/mm,sigma,1.049793127540278,0.12112075438547718,0.812400811164421,1.2871854439161352,
