model,parameter,mle,se,lower_95,upper_95,log_likelihood
Inverse power law,beta0,36.35229837399117,2.0198361622836627,32.39349224124359,40.311104506738744,-289.87749799792124
Inverse power law,beta1,-6.097825713347674,0.38780961068962067,-6.857918583157829,-5.337732843537518,
Inverse power law,sigma,1.186036999484966,0.12162395341770905,0.947658431128879,1.424415567841053,
