model,parameter,mle,se,lower_95,upper_95,log_likelihood
Inverse power law excluding 361.4 kV/mm,beta0,27.491764296728757,0.17505033690216967,27.148671940918902,27.834856652538612,-271.42470091672175
Inverse power law excluding 361.4 kV/mm,beta1,-4.2891096253132455,0.001091026212070564,-4.291247997395093,-4.286971253231398,
Inverse power law excluding 361.4 kV/mm,sigma,1.049793127540278,0.12112131912572671,0.8123997042938713,1.2871865507866849,
