model,parameter,mle,se,lower_95,upper_95,log_likelihood
Inverse power law,beta0,36.35229837399117,0.17492025097781244,36.00946098190795,36.69513576607439,-289.87749799792124
Inverse power law,beta1,-6.097825713347674,0.0007949112617701422,-6.099383710791648,-6.096267715903699,
Inverse power law,sigma,1.186036999484966,0.12177234821418771,0.9473675826722877,1.4247064162976444,
