model,minus_2_log_likelihood,AIC,num_params,log_likelihood
Separate sigma,564.9022422483765,584.9022422483765,10,-282.45112112418826
Equal sigma,567.2105460709658,579.2105460709658,6,-283.6052730354829
Inverse power law,579.7549959958425,585.7549959958425,3,-289.87749799792124
