case,voltage_kv_mm,F_10000,t_0.1,t_0.5
excluding_361_4,50,0.07620494789715883,11699.539296029468,44921.36382998054
