case,voltage_kv_mm,F_10000,F_10000_lower_95,F_10000_upper_95,t_0.1,t_0.1_lower_95,t_0.1_upper_95,t_0.5,t_0.5_lower_95,t_0.5_upper_95
excluding_361_4,50,0.07620494789715883,0.0058808089190561024,0.5349516747078099,11699.539296029468,3030.90213311864,45161.213964535425,44921.36382998054,12048.412002283747,167485.05346289542
