case,voltage_kv_mm,F_10000,F_10000_lower_95,F_10000_upper_95,t_0.1,t_0.1_lower_95,t_0.1_upper_95,t_0.5,t_0.5_lower_95,t_0.5_upper_95
all_stress_levels,50,0.0027897747761819087,0.00011677199466831253,0.06280651367107931,58541.80110178574,20008.764149983257,171282.0667259407,267657.61862175417,95633.29352342898,749117.7828014189
