case,voltage_kv_mm,F_10000,t_0.1,t_0.5
all_stress_levels,50,0.002789774776182037,58541.8011017847,267657.6186217494
