case,voltage_kv_mm,F_10000,F_10000_lower_95,F_10000_upper_95,t_0.1,t_0.1_lower_95,t_0.1_upper_95,t_0.5,t_0.5_lower_95,t_0.5_upper_95
excluding_361_4,50,0.07620494789715687,0.005880808919055896,0.5349516747078048,11699.539296029636,3030.9021331186887,45161.213964535986,44921.36382998118,12048.41200228396,167485.05346289722
