case,voltage_kv_mm,F_10000,F_10000_lower_95,F_10000_upper_95,t_0.1,t_0.1_lower_95,t_0.1_upper_95,t_0.5,t_0.5_lower_95,t_0.5_upper_95
all_stress_levels,50,0.002789774776182037,0.00011677199466832538,0.06280651367107827,58541.8011017847,20008.76414998329,171282.06672593433,267657.6186217494,95633.29352342931,749117.7828013896
